time,temperature_2m_mean,temperature_2m_max,temperature_2m_min,wind_direction_10m_dominant,wind_speed_10m_mean,precipitation_probability_max,rain_sum
2025-06-01,16.8,23.4,12.4,134,4.9,,0.1
2025-06-02,18.5,23.6,15.6,97,7.7,,0.0
2025-06-03,17.8,22.7,14.8,14,6.4,,1.8
2025-06-04,20.0,25.4,14.6,314,7.3,,0.0
2025-06-05,19.9,26.0,16.6,329,8.2,,4.8
2025-06-06,17.6,19.5,16.4,254,6.4,,2.2
2025-06-07,17.6,20.7,15.3,91,4.8,,0.0
2025-06-08,17.5,21.9,14.8,326,6.7,,4.0
2025-06-09,15.6,18.8,14.2,162,4.1,,8.1
2025-06-10,14.5,17.3,12.9,175,6.2,,1.8
2025-06-11,12.9,15.8,10.2,168,7.7,,0.4
2025-06-12,11.7,14.9,9.8,124,9.4,,0.4
2025-06-13,12.6,17.6,9.0,84,10.4,,0.0
2025-06-14,13.8,20.5,9.1,52,10.1,,0.0
2025-06-15,15.4,19.8,12.1,357,10.2,,1.1
2025-06-16,16.7,22.6,10.9,80,4.4,,0.0
2025-06-17,17.3,23.8,11.7,24,6.4,,0.0
2025-06-18,17.4,22.7,11.8,351,7.4,,0.0
2025-06-19,18.9,24.9,13.0,338,5.5,,0.0
2025-06-20,19.1,24.9,12.5,340,7.2,,0.0
2025-06-21,18.7,23.2,16.1,309,8.4,,2.8
2025-06-22,19.2,23.6,16.0,353,6.6,,1.3
2025-06-23,19.3,24.7,16.9,337,16.5,,7.9
2025-06-24,13.5,16.7,7.9,290,11.2,,4.6
2025-06-25,11.0,17.1,5.5,80,7.2,,0.0
2025-06-26,17.8,24.9,10.7,7,9.8,,0.0
2025-06-27,18.2,23.6,15.7,298,8.1,,7.6
2025-06-28,19.0,24.9,15.4,66,7.6,,0.0
2025-06-29,21.0,25.4,17.7,332,14.2,,0.0
2025-06-30,17.0,21.7,14.8,150,8.2,,0.1
2025-07-01,13.6,14.9,11.4,152,10.5,,0.4
2025-07-02,11.3,12.5,10.7,147,10.8,,0.6
2025-07-03,12.0,14.3,10.6,158,8.9,,2.0
2025-07-04,13.8,18.5,11.8,131,8.3,,0.4
2025-07-05,14.8,20.4,11.2,114,5.4,,0.0
2025-07-06,13.6,19.3,10.1,159,4.9,,0.0
2025-07-07,14.1,19.5,10.7,109,7.0,,0.0
2025-07-08,15.9,22.3,11.5,276,6.0,,0.0
2025-07-09,13.9,20.0,9.1,134,7.1,,0.0
2025-07-10,15.2,21.4,11.7,102,7.9,,0.0
2025-07-11,16.6,22.0,12.1,91,5.2,,0.1
2025-07-12,17.6,22.9,13.6,92,7.8,,0.0
2025-07-13,16.9,22.5,14.0,96,8.4,,0.0
2025-07-14,15.8,21.8,11.6,125,5.5,,0.0
2025-07-15,15.9,22.5,9.3,95,4.8,,0.0
2025-07-16,16.7,22.9,10.9,95,6.1,,0.0
2025-07-17,17.6,23.8,10.4,322,7.4,,0.0
2025-07-18,18.1,24.0,13.6,292,9.9,,0.0
2025-07-19,14.4,20.5,10.3,126,5.5,,0.0
2025-07-20,14.3,21.2,9.2,105,6.6,,0.0
2025-07-21,17.1,24.9,11.7,98,5.7,,0.0
2025-07-22,18.8,25.3,13.3,272,6.0,,0.0
2025-07-23,16.7,21.5,13.0,157,5.2,,0.0
2025-07-24,16.0,22.1,12.5,123,8.8,,0.1
2025-07-25,15.8,18.6,13.6,86,5.9,,5.1
2025-07-26,17.4,23.8,12.4,77,6.6,,0.0
2025-07-27,19.8,26.5,12.6,26,9.7,,0.0
2025-07-28,20.2,23.3,17.2,316,20.1,,1.7
2025-07-29,14.4,18.8,10.5,227,9.4,,0.1
2025-07-30,11.4,16.4,7.6,126,7.2,,0.0
2025-07-31,12.6,19.8,7.0,97,8.5,,0.0
2025-08-01,15.8,23.7,9.2,80,8.2,,0.0
2025-08-02,18.3,26.3,10.5,40,6.8,,0.0
2025-08-03,18.9,25.3,12.1,345,7.1,,0.0
2025-08-04,17.2,22.5,12.4,147,4.9,,0.0
2025-08-05,15.9,20.0,13.4,162,7.0,,0.8
2025-08-06,15.5,18.9,13.6,158,9.9,,0.5
2025-08-07,17.6,25.3,12.7,92,5.0,,0.0
2025-08-08,17.9,25.3,12.4,297,9.4,,6.6
2025-08-09,14.1,18.3,10.2,239,8.9,,2.3
2025-08-10,11.3,15.1,8.8,163,7.6,,0.5
2025-08-11,11.3,17.2,7.3,142,6.5,,0.0
2025-08-12,13.2,19.4,10.2,116,6.9,,0.0
2025-08-13,16.6,24.9,9.7,348,5.7,,0.0
2025-08-14,14.6,19.2,11.7,152,8.0,,0.0
2025-08-15,14.8,20.7,10.7,121,11.0,,0.0
2025-08-16,16.3,23.4,12.8,110,9.2,,0.0
2025-08-17,17.9,25.5,13.6,118,6.2,,0.0
2025-08-18,16.7,23.6,12.5,113,7.0,,0.0
2025-08-19,18.6,26.8,12.5,64,10.5,,0.0
2025-08-20,22.4,28.8,16.5,16,9.7,,0.1
2025-08-21,23.1,29.8,18.4,308,7.2,,0.4
2025-08-22,24.2,31.1,17.5,37,8.9,,0.0
2025-08-23,25.0,31.2,19.2,341,10.6,,0.0
2025-08-24,18.1,21.7,15.0,165,10.6,,0.1
2025-08-25,18.2,28.3,14.3,134,7.6,,0.0
2025-08-26,16.8,23.0,13.6,125,8.2,,3.5
