estado,capital,regiao,temp_media_2025,temp_media_2026,temp_max_2025,temp_max_2026,temp_min_2025,temp_min_2026,chuva_2025,chuva_2026,umidade_2025,umidade_2026,vento_2025,vento_2026,dif_temp_media,dif_temp_max,dif_temp_min,dif_chuva,dif_umidade,dif_vento,variacao_chuva_percentual
Acre,Rio Branco,Norte,25.06,25.65,31.16,31.1,19.94,21.48,70.6,241.5,71.64,79.82,5.94,5.35,0.6,-0.06,1.54,170.9,8.19,-0.6,242.07
Alagoas,Maceió,Nordeste,24.46,25.12,26.6,27.3,22.48,23.08,640.9,445.6,82.32,78.54,11.78,11.94,0.66,0.7,0.6,-195.3,-3.79,0.16,-30.47
Amapá,Macapá,Norte,26.52,26.86,29.49,30.04,23.86,24.07,505.3,515.5,81.85,82.75,10.11,11.23,0.34,0.54,0.21,10.2,0.9,1.12,2.02
Amazonas,Manaus,Norte,27.44,28.44,30.64,31.7,24.64,25.3,289.3,285.8,78.64,73.78,5.98,7.35,1.01,1.06,0.66,-3.5,-4.86,1.37,-1.21
Bahia,Salvador,Nordeste,24.04,24.68,25.75,26.6,22.44,22.78,350.8,261.6,77.25,74.39,14.62,13.06,0.64,0.84,0.34,-89.2,-2.86,-1.56,-25.43
Ceará,Fortaleza,Nordeste,26.54,26.97,29.87,30.08,23.68,24.23,239.2,214.8,75.9,75.22,14.29,14.55,0.43,0.2,0.55,-24.4,-0.68,0.26,-10.2
Distrito Federal,Brasília,Centro-Oeste,20.81,21.26,26.47,26.64,15.65,16.52,4.6,36.2,50.12,55.88,8.84,7.65,0.46,0.18,0.88,31.6,5.75,-1.19,686.96
Espírito Santo,Vitória,Sudeste,20.95,21.91,24.88,25.9,17.9,18.67,87.7,107.7,80.22,79.56,10.37,10.68,0.97,1.02,0.77,20.0,-0.66,0.31,22.81
Goiás,Goiânia,Centro-Oeste,23.14,24.2,28.72,30.17,17.58,18.33,8.8,19.9,43.98,45.89,7.44,6.99,1.07,1.44,0.74,11.1,1.91,-0.45,126.14
Maranhão,São Luís,Nordeste,27.03,27.44,30.72,31.32,24.36,24.94,250.1,244.7,80.31,79.69,9.88,10.92,0.42,0.6,0.57,-5.4,-0.62,1.05,-2.16
Mato Grosso,Cuiabá,Centro-Oeste,24.34,26.42,30.78,32.25,18.81,21.16,49.1,50.5,62.29,59.54,7.28,8.03,2.08,1.47,2.36,1.4,-2.75,0.75,2.85
Mato Grosso do Sul,Campo Grande,Centro-Oeste,20.32,21.96,26.12,27.18,15.54,17.81,119.1,234.4,60.46,66.92,11.91,11.6,1.63,1.05,2.27,115.3,6.46,-0.3,96.81
Minas Gerais,Belo Horizonte,Sudeste,18.36,19.43,23.88,25.0,13.54,14.68,8.7,24.9,59.22,62.59,8.41,7.79,1.07,1.12,1.14,16.2,3.36,-0.62,186.21
Paraná,Curitiba,Sul,13.19,14.92,18.47,19.96,9.15,11.24,175.8,271.0,80.54,82.2,8.48,8.59,1.74,1.49,2.09,95.2,1.66,0.11,54.15
Paraíba,João Pessoa,Nordeste,24.8,25.41,27.21,27.84,22.71,23.16,415.3,460.4,82.04,79.53,15.49,15.78,0.62,0.62,0.45,45.1,-2.51,0.29,10.86
Pará,Belém,Norte,26.46,27.14,31.7,32.34,23.32,23.74,320.3,327.6,81.25,80.51,7.02,8.05,0.68,0.64,0.42,7.3,-0.74,1.03,2.28
Pernambuco,Recife,Nordeste,24.56,25.36,27.02,27.69,22.48,23.16,463.4,539.3,83.05,79.11,12.64,13.02,0.8,0.68,0.69,75.9,-3.94,0.39,16.38
Piauí,Teresina,Nordeste,29.26,28.62,34.7,33.96,23.77,23.32,49.0,48.8,52.35,59.08,8.68,8.12,-0.64,-0.74,-0.45,-0.2,6.73,-0.56,-0.41
Rio Grande do Norte,Natal,Nordeste,24.81,25.24,28.02,28.33,22.19,22.62,285.3,467.2,81.95,81.06,15.44,15.37,0.43,0.31,0.43,181.9,-0.89,-0.07,63.76
Rio Grande do Sul,Porto Alegre,Sul,13.75,15.18,18.42,19.37,10.19,11.97,395.0,502.9,83.08,83.61,8.58,8.7,1.43,0.95,1.78,107.9,0.54,0.11,27.32
Rio de Janeiro,Rio de Janeiro,Sudeste,20.15,21.5,23.66,25.23,17.6,18.82,81.1,177.0,80.0,80.14,8.82,8.38,1.35,1.57,1.22,95.9,0.14,-0.45,118.25
Rondônia,Porto Velho,Norte,26.88,26.97,32.56,31.76,22.49,23.24,66.4,201.0,70.72,79.34,5.53,5.03,0.09,-0.81,0.75,134.6,8.61,-0.5,202.71
Roraima,Boa Vista,Norte,26.04,27.04,30.12,31.1,22.88,23.8,697.5,615.2,82.61,79.42,5.89,7.02,1.01,0.98,0.92,-82.3,-3.19,1.12,-11.8
Santa Catarina,Florianópolis,Sul,15.86,16.47,19.99,20.44,12.74,13.72,186.3,429.0,81.76,85.92,8.73,8.95,0.6,0.45,0.99,242.7,4.16,0.22,130.27
Sergipe,Aracaju,Nordeste,24.45,25.17,26.44,27.29,22.56,22.95,478.0,299.0,79.28,75.18,12.5,11.83,0.71,0.85,0.39,-179.0,-4.1,-0.67,-37.45
São Paulo,São Paulo,Sudeste,16.14,17.69,21.53,23.17,12.07,13.42,70.2,152.1,72.82,72.92,7.78,7.68,1.55,1.64,1.35,81.9,0.1,-0.1,116.67
Tocantins,Palmas,Norte,27.88,28.4,33.75,34.05,22.75,23.26,1.6,20.4,42.49,43.49,8.24,7.97,0.52,0.3,0.51,18.8,1.0,-0.26,1175.0
