Data;Temperatura_media;Temperatura_maxima;Temperatura_minima;Direcao_vento;Velocidade_vento;direcao_cardinal
01/06/2026;15.1;20.2;13.1;142;5.1;Sudeste
02/06/2026;15.0;20.1;11.3;140;7.6;Sudeste
03/06/2026;16.7;22.0;14.1;121;8.4;Sudeste
04/06/2026;16.7;22.4;14.0;104;9.1;Leste
05/06/2026;15.6;21.1;11.5;106;7.6;Leste
06/06/2026;16.1;22.5;11.5;306;6.2;Noroeste
07/06/2026;16.4;22.8;10.3;299;4.2;Noroeste
08/06/2026;16.8;23.7;9.2;344;6.0;Norte
09/06/2026;17.5;23.6;11.4;304;6.3;Noroeste
10/06/2026;17.5;24.5;12.0;81;3.2;Leste
11/06/2026;16.6;19.0;15.1;333;6.1;Noroeste
12/06/2026;17.0;19.9;14.3;336;13.9;Noroeste
13/06/2026;17.8;22.0;15.4;314;14.0;Noroeste
14/06/2026;18.4;21.7;15.8;313;8.9;Noroeste
15/06/2026;15.7;16.8;14.3;159;7.2;Sul
16/06/2026;15.0;17.6;13.7;161;5.6;Sul
17/06/2026;14.0;18.9;10.0;141;3.2;Sudeste
18/06/2026;12.9;18.2;9.6;110;8.2;Leste
19/06/2026;15.6;23.3;9.6;28;8.6;Nordeste
20/06/2026;17.7;22.8;13.4;328;9.2;Noroeste
21/06/2026;15.6;20.4;11.4;292;5.3;Oeste
22/06/2026;17.8;25.1;10.9;351;9.0;Norte
23/06/2026;17.3;20.8;13.1;319;9.7;Noroeste
24/06/2026;12.8;14.9;11.6;142;5.6;Sudeste
25/06/2026;11.4;12.6;10.7;133;7.6;Sudeste
26/06/2026;15.2;19.7;11.3;94;5.3;Leste
27/06/2026;18.2;24.2;14.4;80;4.2;Leste
28/06/2026;19.1;25.1;14.7;18;6.4;Norte
29/06/2026;20.0;25.5;16.4;349;7.6;Norte
30/06/2026;20.1;26.0;15.9;0;7.1;Norte
01/07/2026;20.8;26.2;16.6;338;8.9;Norte
02/07/2026;20.0;25.7;15.4;330;6.6;Noroeste
03/07/2026;18.1;25.4;13.7;251;6.8;Oeste
04/07/2026;15.3;18.9;12.7;138;7.0;Sudeste
05/07/2026;14.7;20.5;12.5;129;6.3;Sudeste
06/07/2026;17.2;23.9;12.6;338;6.3;Norte
07/07/2026;15.9;19.6;13.4;235;7.2;Sudoeste
08/07/2026;16.0;21.4;13.0;136;4.0;Sudeste
09/07/2026;16.5;23.2;11.4;75;2.9;Leste
10/07/2026;18.3;25.6;11.2;307;7.4;Noroeste
11/07/2026;19.7;27.1;11.9;325;8.7;Noroeste
12/07/2026;17.0;22.4;13.3;281;12.7;Oeste
13/07/2026;13.2;17.1;9.8;166;8.9;Sul
14/07/2026;12.7;18.0;9.1;111;8.9;Leste
15/07/2026;14.6;21.6;9.6;71;7.9;Leste
16/07/2026;16.5;24.9;8.9;27;6.5;Nordeste
17/07/2026;17.5;24.4;12.1;359;9.8;Norte
18/07/2026;17.9;23.7;13.0;346;12.6;Norte
19/07/2026;19.2;25.1;14.2;348;12.5;Norte
20/07/2026;20.6;26.3;15.7;345;11.3;Norte
21/07/2026;21.2;27.2;15.9;344;10.0;Norte
22/07/2026;20.8;27.0;17.3;333;8.3;Noroeste
23/07/2026;18.4;23.0;15.1;215;7.8;Sudoeste
24/07/2026;15.1;17.2;13.2;128;5.2;Sudeste
25/07/2026;16.2;19.3;13.9;277;5.6;Oeste
26/07/2026;17.0;23.6;12.0;352;3.9;Norte
27/07/2026;18.7;26.7;11.1;348;2.6;Norte
28/07/2026;20.5;27.5;13.8;340;7.1;Norte
29/07/2026;20.3;29.2;15.6;327;10.9;Noroeste
30/07/2026;16.5;20.9;13.5;154;8.0;Sudeste
31/07/2026;17.5;24.4;13.2;99;9.6;Leste
01/08/2026;19.1;26.6;13.2;19;7.3;Norte
02/08/2026;20.9;27.2;15.0;347;6.8;Norte
03/08/2026;20.1;25.9;14.7;70;4.5;Leste
04/08/2026;20.4;25.8;14.5;9;5.6;Norte
05/08/2026;21.6;27.9;15.4;349;6.9;Norte
06/08/2026;21.1;27.7;16.5;333;11.3;Noroeste
07/08/2026;20.0;24.5;17.3;318;15.4;Noroeste
08/08/2026;21.4;26.8;16.5;326;11.2;Noroeste
09/08/2026;19.8;24.6;15.0;150;9.6;Sudeste
10/08/2026;14.9;18.1;13.2;146;12.3;Sudeste
11/08/2026;14.1;16.8;12.5;130;11.3;Sudeste
12/08/2026;18.0;24.7;13.7;113;5.0;Sudeste
13/08/2026;22.1;28.7;16.7;295;8.9;Noroeste
14/08/2026;20.3;25.7;17.0;109;7.1;Leste
15/08/2026;18.5;22.1;16.4;110;6.7;Leste
16/08/2026;19.8;26.3;15.1;77;8.9;Leste
17/08/2026;21.3;28.8;14.9;77;6.7;Leste
18/08/2026;23.1;30.1;16.0;317;5.1;Noroeste
19/08/2026;23.5;30.9;15.6;132;4.6;Sudeste
20/08/2026;24.1;31.8;15.8;360;8.2;Norte
21/08/2026;21.2;25.7;14.9;287;10.2;Oeste
22/08/2026;16.5;23.1;13.4;126;7.6;Sudeste
23/08/2026;16.7;24.4;12.9;124;8.4;Sudeste
24/08/2026;15.5;19.8;13.7;123;11.1;Sudeste
25/08/2026;16.2;20.9;13.6;116;5.7;Sudeste
26/08/2026;18.6;23.9;14.9;279;4.8;Oeste
